{"input-yes-no/cstdio/file": 0.5125635000000001, "input-yes-no/cstdio/pipe": 0.5562250000000001, "input-yes-no/iostream_detached/file": 0.5679508333333327, "input-yes-no/iostream_detached/pipe": 0.586350833333333, "input-yes-no/blazingio/file": 0.2853464999999999, "input-yes-no/blazingio/pipe": 0.30711566666666634, "input-exponentially-random-float/cstdio/file": 1.8137593333333335, "input-exponentially-random-float/cstdio/pipe": 1.9437906666666673, "input-exponentially-random-float/iostream_detached/file": 2.346440666666666, "input-exponentially-random-float/iostream_detached/pipe": 2.4331153333333333, "input-exponentially-random-float/blazingio/file": 0.29476166666666853, "input-exponentially-random-float/blazingio/pipe": 0.40667300000000256, "input-string-rng-100/cstdio/file": 0.16944750000000397, "input-string-rng-100/cstdio/pipe": 0.1877698333333342, "input-string-rng-100/iostream_detached/file": 0.09553350000000194, "input-string-rng-100/iostream_detached/pipe": 0.10691450000000202, "input-string-rng-100/blazingio/file": 0.045754333333334785, "input-string-rng-100/blazingio/pipe": 0.05172749999999837, "input-uniformly-random-32bit/cstdio/file": 0.5085568333333347, "input-uniformly-random-32bit/cstdio/pipe": 0.5573383333333339, "input-uniformly-random-32bit/iostream_detached/file": 0.432162166666662, "input-uniformly-random-32bit/iostream_detached/pipe": 0.48438383333332996, "input-uniformly-random-32bit/burunduk1/file": 0.0888451666666678, "input-uniformly-random-32bit/burunduk1/pipe": 0.09694533333333293, "input-uniformly-random-32bit/blazingio/file": 0.0718306666666706, "input-uniformly-random-32bit/blazingio/pipe": 0.09652199999999785, "output-bitset-1000/iostream_detached/file": 0.12482249999999813, "output-bitset-1000/iostream_detached/pipe": 0.0939516666666691, "output-bitset-1000/blazingio/file": 0.05481599999999768, "output-bitset-1000/blazingio/pipe": 0.023622333333330896, "input-string-rng-2000/cstdio/file": 0.2285599999999969, "input-string-rng-2000/cstdio/pipe": 0.27937983333332755, "input-string-rng-2000/iostream_detached/file": 0.060717666666671256, "input-string-rng-2000/iostream_detached/pipe": 0.08009066666666816, "input-string-rng-2000/blazingio/file": 0.02035016666666915, "input-string-rng-2000/blazingio/pipe": 0.06448783333333097, "input-bitset-10000/iostream_detached/file": 0.6352671666666652, "input-bitset-10000/iostream_detached/pipe": 0.6682798333333343, "input-bitset-10000/blazingio/file": 0.015464499999997846, "input-bitset-10000/blazingio/pipe": 0.035344833333340375, "output-bitset-100/iostream_detached/file": 0.16141966666666482, "output-bitset-100/iostream_detached/pipe": 0.13289666666666733, "output-bitset-100/blazingio/file": 0.05812899999999388, "output-bitset-100/blazingio/pipe": 0.025335333333330823, "output-exponentially-random-64bit/cstdio/file": 0.44152516666666486, "output-exponentially-random-64bit/cstdio/pipe": 0.4577478333333289, "output-exponentially-random-64bit/iostream_detached/file": 0.5054606666666691, "output-exponentially-random-64bit/iostream_detached/pipe": 0.4929436666666713, "output-exponentially-random-64bit/burunduk1/file": 0.24765033333333974, "output-exponentially-random-64bit/burunduk1/pipe": 0.22866949999999994, "output-exponentially-random-64bit/blazingio/file": 0.1655190000000033, "output-exponentially-random-64bit/blazingio/pipe": 0.1370913333333353, "output-string-rng-2000/cstdio/file": 0.7540563333333333, "output-string-rng-2000/cstdio/pipe": 0.6535939999999982, "output-string-rng-2000/iostream_detached/file": 0.642988333333335, "output-string-rng-2000/iostream_detached/pipe": 0.4589303333333324, "output-string-rng-2000/burunduk1/file": 0.6371206666666657, "output-string-rng-2000/burunduk1/pipe": 0.4911523333333416, "output-string-rng-2000/blazingio/file": 0.3511706666666707, "output-string-rng-2000/blazingio/pipe": 0.2026025000000118, "input-char/cstdio/file": 0.5595555000000066, "input-char/cstdio/pipe": 0.5661421666666703, "input-char/iostream_detached/file": 0.22699049999999943, "input-char/iostream_detached/pipe": 0.23722383333334088, "input-char/burunduk1/file": 0.03094600000000014, "input-char/burunduk1/pipe": 0.03422966666666601, "input-char/blazingio/file": 0.022379166666657586, "input-char/blazingio/pipe": 0.037074500000007525, "input-exponentially-random-double/cstdio/file": 2.960963833333343, "input-exponentially-random-double/cstdio/pipe": 3.1232794999999953, "input-exponentially-random-double/iostream_detached/file": 3.556566000000013, "input-exponentially-random-double/iostream_detached/pipe": 3.6587665000000036, "input-exponentially-random-double/blazingio/file": 0.38764933333333335, "input-exponentially-random-double/blazingio/pipe": 0.5099633333333221, "output-exponentially-random-32bit/cstdio/file": 0.4315535000000068, "output-exponentially-random-32bit/cstdio/pipe": 0.4381389999999972, "output-exponentially-random-32bit/iostream_detached/file": 0.47218983333333614, "output-exponentially-random-32bit/iostream_detached/pipe": 0.46606200000000325, "output-exponentially-random-32bit/burunduk1/file": 0.1939435000000079, "output-exponentially-random-32bit/burunduk1/pipe": 0.1772570000000068, "output-exponentially-random-32bit/blazingio/file": 0.13662666666666232, "output-exponentially-random-32bit/blazingio/pipe": 0.11698199999999777, "input-bitset-1000/iostream_detached/file": 0.6363620000000006, "input-bitset-1000/iostream_detached/pipe": 0.6587851666666703, "input-bitset-1000/blazingio/file": 0.015145333333350663, "input-bitset-1000/blazingio/pipe": 0.03533233333333404, "output-yes-no-if/cstdio/file": 0.7127943333333254, "output-yes-no-if/cstdio/pipe": 0.7198673333333355, "output-yes-no-if/iostream_detached/file": 0.5411301666666759, "output-yes-no-if/iostream_detached/pipe": 0.5302673333333322, "output-yes-no-if/burunduk1/file": 0.10730833333334051, "output-yes-no-if/burunduk1/pipe": 0.09537833333333386, "output-yes-no-if/blazingio/file": 0.07508383333333768, "output-yes-no-if/blazingio/pipe": 0.05163283333331492, "input-uniformly-random-16bit/cstdio/file": 0.3928593333333386, "input-uniformly-random-16bit/cstdio/pipe": 0.4273116666666586, "input-uniformly-random-16bit/iostream_detached/file": 0.34719649999999547, "input-uniformly-random-16bit/iostream_detached/pipe": 0.3678231666666723, "input-uniformly-random-16bit/burunduk1/file": 0.06938266666664579, "input-uniformly-random-16bit/burunduk1/pipe": 0.07995600000000043, "input-uniformly-random-16bit/blazingio/file": 0.04625983333333276, "input-uniformly-random-16bit/blazingio/pipe": 0.05842683333332843, "input-uniformly-random-float/cstdio/file": 1.3345246666666715, "input-uniformly-random-float/cstdio/pipe": 1.441608166666678, "input-uniformly-random-float/iostream_detached/file": 1.8470098333333453, "input-uniformly-random-float/iostream_detached/pipe": 1.9633364999999874, "input-uniformly-random-float/blazingio/file": 0.23695899999999406, "input-uniformly-random-float/blazingio/pipe": 0.35369716666663936, "output-uniformly-random-double/cstdio/file": 8.127920166666684, "output-uniformly-random-double/cstdio/pipe": 8.252618333333354, "output-uniformly-random-double/cstdio_g/file": 0.6264583333333272, "output-uniformly-random-double/cstdio_g/pipe": 0.6341964999999922, "output-uniformly-random-double/iostream_detached/file": 0.6822173333333504, "output-uniformly-random-double/iostream_detached/pipe": 0.6830134999999965, "output-uniformly-random-double/blazingio/file": 0.4152971666666758, "output-uniformly-random-double/blazingio/pipe": 0.40862666666667263, "input-uniformly-random-double/cstdio/file": 2.1939048333333253, "input-uniformly-random-double/cstdio/pipe": 2.3543306666666695, "input-uniformly-random-double/iostream_detached/file": 2.701007500000003, "input-uniformly-random-double/iostream_detached/pipe": 2.839516500000002, "input-uniformly-random-double/blazingio/file": 0.47123883333332134, "input-uniformly-random-double/blazingio/pipe": 0.581805500000011, "output-line/cstdio/file": 0.15098650000000666,