{"output-uniformly-random-16bit/blazingio/file": 0.08769433333333332, "output-uniformly-random-16bit/blazingio/pipe": 0.07950949999999997, "output-uniformly-random-16bit/iostream_detached/file": 0.3633383333333334, "output-uniformly-random-16bit/iostream_detached/pipe": 0.3558163333333331, "output-uniformly-random-16bit/cstdio/file": 0.4387548333333336, "output-uniformly-random-16bit/cstdio/pipe": 0.4336993333333332, "output-uniformly-random-16bit/burunduk1/file": 0.1403295, "output-uniformly-random-16bit/burunduk1/pipe": 0.13317633333333312, "output-exponentially-random-float/cstdio_g/file": 0.2627156666666668, "output-exponentially-random-float/cstdio_g/pipe": 0.2641329999999999, "output-exponentially-random-float/blazingio/file": 0.0374920000000003, "output-exponentially-random-float/blazingio/pipe": 0.035056999999999526, "output-exponentially-random-float/iostream_detached/file": 0.30187066666666657, "output-exponentially-random-float/iostream_detached/pipe": 0.3002278333333332, "output-exponentially-random-float/cstdio/file": 0.3271015000000001, "output-exponentially-random-float/cstdio/pipe": 0.32965016666666713, "input-exponentially-random-32bit/blazingio/file": 0.08159700000000096, "input-exponentially-random-32bit/blazingio/pipe": 0.09839066666666578, "input-exponentially-random-32bit/iostream_detached/file": 0.37249866666666637, "input-exponentially-random-32bit/iostream_detached/pipe": 0.37953133333333255, "input-exponentially-random-32bit/cstdio/file": 0.5135803333333335, "input-exponentially-random-32bit/cstdio/pipe": 0.5244218333333327, "input-exponentially-random-32bit/burunduk1/file": 0.09343933333333372, "input-exponentially-random-32bit/burunduk1/pipe": 0.1058280000000001, "output-char/blazingio/file": 0.02020083333333152, "output-char/blazingio/pipe": 0.014811333333334176, "output-char/iostream_detached/file": 0.42852816666666627, "output-char/iostream_detached/pipe": 0.4229253333333342, "output-char/cstdio/file": 1.002140833333333, "output-char/cstdio/pipe": 0.9979715000000032, "output-char/burunduk1/file": 0.029807833333334106, "output-char/burunduk1/pipe": 0.025982333333333923, "input-exponentially-random-float/blazingio/file": 0.24373033333333657, "input-exponentially-random-float/blazingio/pipe": 0.279098, "input-exponentially-random-float/iostream_detached/file": 1.7942834999999988, "input-exponentially-random-float/iostream_detached/pipe": 1.8287039999999972, "input-exponentially-random-float/cstdio/file": 1.2948643333333318, "input-exponentially-random-float/cstdio/pipe": 1.3371585000000057, "input-string-rng-100/blazingio/file": 0.03560833333333354, "input-string-rng-100/blazingio/pipe": 0.05527000000000252, "input-string-rng-100/iostream_detached/file": 0.09159883333333123, "input-string-rng-100/iostream_detached/pipe": 0.10348916666666715, "input-string-rng-100/cstdio/file": 0.20517550000000048, "input-string-rng-100/cstdio/pipe": 0.22318550000000434, "output-bitset-10000/blazingio/file": 0.051044166666670776, "output-bitset-10000/blazingio/pipe": 0.03828816666666531, "output-bitset-10000/iostream_detached/file": 0.20234699999999842, "output-bitset-10000/iostream_detached/pipe": 0.1891224999999963, "output-string-rng-100/blazingio/file": 0.29233000000000214, "output-string-rng-100/blazingio/pipe": 0.2190700000000021, "output-string-rng-100/iostream_detached/file": 0.42299733333333717, "output-string-rng-100/iostream_detached/pipe": 0.3630616666666621, "output-string-rng-100/cstdio/file": 0.5801871666666661, "output-string-rng-100/cstdio/pipe": 0.5400726666666694, "output-string-rng-100/burunduk1/file": 0.4127168333333344, "output-string-rng-100/burunduk1/pipe": 0.353682999999999, "output-yes-no-if/blazingio/file": 0.06879799999999629, "output-yes-no-if/blazingio/pipe": 0.05885699999999853, "output-yes-no-if/iostream_detached/file": 0.47515949999999424, "output-yes-no-if/iostream_detached/pipe": 0.4732558333333354, "output-yes-no-if/cstdio/file": 0.8327161666666711, "output-yes-no-if/cstdio/pipe": 0.8393978333333365, "output-yes-no-if/burunduk1/file": 0.09459750000000137, "output-yes-no-if/burunduk1/pipe": 0.0891516666666708, "output-line/blazingio/file": 0.09439616666667423, "output-line/blazingio/pipe": 0.06707000000000107, "output-line/iostream_detached/file": 0.11663083333333664, "output-line/iostream_detached/pipe": 0.07836699999999534, "output-line/cstdio/file": 0.07917033333332786, "output-line/cstdio/pipe": 0.06313599999999535, "output-line/burunduk1/file": 0.15236933333333505, "output-line/burunduk1/pipe": 0.13401499999999564, "output-exponentially-random-64bit/blazingio/file": 0.14911566666666923, "output-exponentially-random-64bit/blazingio/pipe": 0.13700983333333738, "output-exponentially-random-64bit/iostream_detached/file": 0.45164666666666636, "output-exponentially-random-64bit/iostream_detached/pipe": 0.43822099999998915, "output-exponentially-random-64bit/cstdio/file": 0.4568663333333329, "output-exponentially-random-64bit/cstdio/pipe": 0.4548758333333467, "output-exponentially-random-64bit/burunduk1/file": 0.23498133333333726, "output-exponentially-random-64bit/burunduk1/pipe": 0.22723399999999097, "input-char/blazingio/file": 0.040116500000001075, "input-char/blazingio/pipe": 0.05275433333333505, "input-char/iostream_detached/file": 0.228723833333324, "input-char/iostream_detached/pipe": 0.23343466666666282, "input-char/cstdio/file": 0.9223133333333257, "input-char/cstdio/pipe": 0.9215820000000102, "input-char/burunduk1/file": 0.044139166666667506, "input-char/burunduk1/pipe": 0.052503999999998996, "output-bitset-1000/blazingio/file": 0.051809499999999765, "output-bitset-1000/blazingio/pipe": 0.038336833333337005, "output-bitset-1000/iostream_detached/file": 0.10085949999999382, "output-bitset-1000/iostream_detached/pipe": 0.09118349999999964, "output-exponentially-random-16bit/blazingio/file": 0.0784864999999968, "output-exponentially-random-16bit/blazingio/pipe": 0.07317099999999262, "output-exponentially-random-16bit/iostream_detached/file": 0.3617258333333287, "output-exponentially-random-16bit/iostream_detached/pipe": 0.35693866666666924, "output-exponentially-random-16bit/cstdio/file": 0.43142783333332585, "output-exponentially-random-16bit/cstdio/pipe": 0.4293129999999981, "output-exponentially-random-16bit/burunduk1/file": 0.12117850000000392, "output-exponentially-random-16bit/burunduk1/pipe": 0.11760883333334012, "output-uniformly-random-64bit/blazingio/file": 0.3030306666666718, "output-uniformly-random-64bit/blazingio/pipe": 0.2766113333333351, "output-uniformly-random-64bit/iostream_detached/file": 0.5367316666666682, "output-uniformly-random-64bit/iostream_detached/pipe": 0.5159908333333382, "output-uniformly-random-64bit/cstdio/file": 0.6034423333333336, "output-uniformly-random-64bit/cstdio/pipe": 0.5993343333333314, "output-uniformly-random-64bit/burunduk1/file": 0.39852750000000964, "output-uniformly-random-64bit/burunduk1/pipe": 0.38109350000000103, "input-uniformly-random-float/blazingio/file": 0.2145794999999945, "input-uniformly-random-float/blazingio/pipe": 0.23951333333333005, "input-uniformly-random-float/iostream_detached/file": 1.6662956666666655, "input-uniformly-random-float/iostream_detached/pipe": 1.686547666666674, "input-uniformly-random-float/cstdio/file": 1.1449206666666687, "input-uniformly-random-float/cstdio/pipe": 1.1901326666666705, "input-bitset-100/blazingio/file": 0.0029863333333347932, "input-bitset-100/blazingio/pipe": 0.00484199999999646, "input-bitset-100/iostream_detached/file": 0.2669935000000028, "input-bitset-100/iostream_detached/pipe": 0.26723366666666, "input-exponentially-random-64bit/blazingio/file": 0.10661100000000563, "input-exponentially-random-64bit/blazingio/pipe": 0.13812083333332717, "input-exponentially-random-64bit/iostream_detached/file": 0.4771711666666742, "input-exponentially-random-64bit/iostream_detached/pipe": 0.4892789999999915, "input-exponentially-random-64bit/cstdio/file": 0.625987166666666,