{"input-yes-no/cstdio/file": 0.4463676666666667, "input-yes-no/cstdio/pipe": 0.4986645000000003, "input-yes-no/iostream_detached/file": 0.36379833333333317, "input-yes-no/iostream_detached/pipe": 0.3898383333333335, "input-yes-no/blazingio/file": 0.21097100000000069, "input-yes-no/blazingio/pipe": 0.24546899999999935, "input-exponentially-random-float/cstdio/file": 0.9402808333333338, "input-exponentially-random-float/cstdio/pipe": 1.0845968333333325, "input-exponentially-random-float/iostream_detached/file": 1.3058563333333335, "input-exponentially-random-float/iostream_detached/pipe": 1.4092251666666655, "input-exponentially-random-float/blazingio/file": 0.18916500000000033, "input-exponentially-random-float/blazingio/pipe": 0.2249941666666686, "input-string-rng-100/cstdio/file": 0.1354018333333329, "input-string-rng-100/cstdio/pipe": 0.15850449999999938, "input-string-rng-100/iostream_detached/file": 0.061956666666667104, "input-string-rng-100/iostream_detached/pipe": 0.0663316666666655, "input-string-rng-100/blazingio/file": 0.023098833333333364, "input-string-rng-100/blazingio/pipe": 0.03828683333333297, "input-uniformly-random-32bit/cstdio/file": 0.3947155000000014, "input-uniformly-random-32bit/cstdio/pipe": 0.4631519999999985, "input-uniformly-random-32bit/iostream_detached/file": 0.3501993333333336, "input-uniformly-random-32bit/iostream_detached/pipe": 0.39484966666666566, "input-uniformly-random-32bit/burunduk1/file": 0.0953344999999975, "input-uniformly-random-32bit/burunduk1/pipe": 0.1059198333333337, "input-uniformly-random-32bit/blazingio/file": 0.06451233333333306, "input-uniformly-random-32bit/blazingio/pipe": 0.07233349999999916, "output-bitset-1000/iostream_detached/file": 0.12282283333333055, "output-bitset-1000/iostream_detached/pipe": 0.08681083333333343, "output-bitset-1000/blazingio/file": 0.05222550000000107, "output-bitset-1000/blazingio/pipe": 0.021705833333333164, "input-string-rng-2000/cstdio/file": 0.18259949999999966, "input-string-rng-2000/cstdio/pipe": 0.20190450000000246, "input-string-rng-2000/iostream_detached/file": 0.05365116666666599, "input-string-rng-2000/iostream_detached/pipe": 0.07236650000000348, "input-string-rng-2000/blazingio/file": 0.016221499999995597, "input-string-rng-2000/blazingio/pipe": 0.05523333333333369, "input-bitset-10000/iostream_detached/file": 0.584896999999998, "input-bitset-10000/iostream_detached/pipe": 0.6059868333333279, "input-bitset-10000/blazingio/file": 0.012164166666664755, "input-bitset-10000/blazingio/pipe": 0.03052333333333479, "output-bitset-100/iostream_detached/file": 0.1369808333333348, "output-bitset-100/iostream_detached/pipe": 0.1197134999999984, "output-bitset-100/blazingio/file": 0.05580300000000212, "output-bitset-100/blazingio/pipe": 0.024584833333326134, "output-exponentially-random-64bit/cstdio/file": 0.3031560000000013, "output-exponentially-random-64bit/cstdio/pipe": 0.3255883333333287, "output-exponentially-random-64bit/iostream_detached/file": 0.3254609999999995, "output-exponentially-random-64bit/iostream_detached/pipe": 0.30989633333332733, "output-exponentially-random-64bit/burunduk1/file": 0.2100721666666677, "output-exponentially-random-64bit/burunduk1/pipe": 0.20468916666666814, "output-exponentially-random-64bit/blazingio/file": 0.12714299999999903, "output-exponentially-random-64bit/blazingio/pipe": 0.09904016666666848, "output-string-rng-2000/cstdio/file": 0.5099909999999994, "output-string-rng-2000/cstdio/pipe": 0.34602933333332925, "output-string-rng-2000/iostream_detached/file": 0.4685245000000009, "output-string-rng-2000/iostream_detached/pipe": 0.2655078333333307, "output-string-rng-2000/burunduk1/file": 0.5806976666666704, "output-string-rng-2000/burunduk1/pipe": 0.46365249999999963, "output-string-rng-2000/blazingio/file": 0.31149383333333464, "output-string-rng-2000/blazingio/pipe": 0.16805766666666955, "input-char/cstdio/file": 0.5013558333333302, "input-char/cstdio/pipe": 0.5396479999999997, "input-char/iostream_detached/file": 0.1542416666666687, "input-char/iostream_detached/pipe": 0.20384116666666804, "input-char/burunduk1/file": 0.05623483333333468, "input-char/burunduk1/pipe": 0.06465133333333502, "input-char/blazingio/file": 0.02034633333333602, "input-char/blazingio/pipe": 0.03379583333333377, "input-exponentially-random-double/cstdio/file": 1.4022989999999993, "input-exponentially-random-double/cstdio/pipe": 1.5491194999999987, "input-exponentially-random-double/iostream_detached/file": 1.8685279999999977, "input-exponentially-random-double/iostream_detached/pipe": 2.0149846666666633, "input-exponentially-random-double/blazingio/file": 0.24380366666666, "input-exponentially-random-double/blazingio/pipe": 0.2664316666666669, "output-exponentially-random-32bit/cstdio/file": 0.3004283333333338, "output-exponentially-random-32bit/cstdio/pipe": 0.3087181666666747, "output-exponentially-random-32bit/iostream_detached/file": 0.29528950000000503, "output-exponentially-random-32bit/iostream_detached/pipe": 0.2885324999999928, "output-exponentially-random-32bit/burunduk1/file": 0.16571533333332886, "output-exponentially-random-32bit/burunduk1/pipe": 0.1543383333333376, "output-exponentially-random-32bit/blazingio/file": 0.09968816666666196, "output-exponentially-random-32bit/blazingio/pipe": 0.0803914999999904, "input-bitset-1000/iostream_detached/file": 0.5794145000000034, "input-bitset-1000/iostream_detached/pipe": 0.6076435000000041, "input-bitset-1000/blazingio/file": 0.012388500000004873, "input-bitset-1000/blazingio/pipe": 0.031201166666666797, "output-yes-no-if/cstdio/file": 0.4598696666666626, "output-yes-no-if/cstdio/pipe": 0.483114333333333, "output-yes-no-if/iostream_detached/file": 0.354108999999994, "output-yes-no-if/iostream_detached/pipe": 0.34783833333332836, "output-yes-no-if/burunduk1/file": 0.09507600000000593, "output-yes-no-if/burunduk1/pipe": 0.08240900000000313, "output-yes-no-if/blazingio/file": 0.07082033333333015, "output-yes-no-if/blazingio/pipe": 0.0482763333333196, "input-uniformly-random-16bit/cstdio/file": 0.30953233333334157, "input-uniformly-random-16bit/cstdio/pipe": 0.3429958333333237, "input-uniformly-random-16bit/iostream_detached/file": 0.2487646666666592, "input-uniformly-random-16bit/iostream_detached/pipe": 0.26441866666667124, "input-uniformly-random-16bit/burunduk1/file": 0.07806783333333556, "input-uniformly-random-16bit/burunduk1/pipe": 0.08862799999999993, "input-uniformly-random-16bit/blazingio/file": 0.04153716666667151, "input-uniformly-random-16bit/blazingio/pipe": 0.04769316666666631, "input-uniformly-random-float/cstdio/file": 0.8144495000000044, "input-uniformly-random-float/cstdio/pipe": 0.9713155000000029, "input-uniformly-random-float/iostream_detached/file": 1.3122151666666564, "input-uniformly-random-float/iostream_detached/pipe": 1.365493666666661, "input-uniformly-random-float/blazingio/file": 0.14922649999998802, "input-uniformly-random-float/blazingio/pipe": 0.18616166666666345, "output-uniformly-random-double/cstdio/file": 4.406435666666671, "output-uniformly-random-double/cstdio/pipe": 4.557101833333339, "output-uniformly-random-double/cstdio_g/file": 0.3189290000000066, "output-uniformly-random-double/cstdio_g/pipe": 0.3275478333333126, "output-uniformly-random-double/iostream_detached/file": 0.36136050000000824, "output-uniformly-random-double/iostream_detached/pipe": 0.36692283333333836, "output-uniformly-random-double/blazingio/file": 0.15249566666669048, "output-uniformly-random-double/blazingio/pipe": 0.14645349999998794, "input-uniformly-random-double/cstdio/file": 1.1486161666666703, "input-uniformly-random-double/cstdio/pipe": 1.3148106666666688, "input-uniformly-random-double/iostream_detached/file": 1.5867516666666575, "input-uniformly-random-double/iostream_detached/pipe": 1.7050748333333179, "input-uniformly-random-double/blazingio/file": 0.21088716666668006, "input-uniformly-random-double/blazingio/pipe": 0.2281988333333326,