{"input-uniformly-random-64bit/burunduk1/file": 0.16543016666666688, "input-uniformly-random-64bit/burunduk1/pipe": 0.6575420000000006, "input-uniformly-random-64bit/cstdio/file": 1.4928376666666672, "input-uniformly-random-64bit/cstdio/pipe": 2.0422958333333328, "input-uniformly-random-64bit/iostream_detached/file": 23.198173666666662, "input-uniformly-random-64bit/iostream_detached/pipe": 23.448325666666666, "input-uniformly-random-64bit/blazingio/file": 0.11274983333332027, "input-uniformly-random-64bit/blazingio/pipe": 0.5764823333333501, "input-exponentially-random-double/cstdio/file": 1.5028568333333396, "input-exponentially-random-double/cstdio/pipe": 1.6233305000000087, "input-exponentially-random-double/iostream_detached/file": 28.01683266666667, "input-exponentially-random-double/iostream_detached/pipe": 26.81538683333336, "input-exponentially-random-double/blazingio/file": 0.278491666666658, "input-exponentially-random-double/blazingio/pipe": 0.9378468333333482, "output-bitset-10000/iostream_detached/file": 0.2427181666666911, "output-bitset-10000/iostream_detached/pipe": 0.23629333333330274, "output-bitset-10000/blazingio/file": 0.04409099999998034, "output-bitset-10000/blazingio/pipe": 0.07619116666667954, "input-string-rng-100/cstdio/file": 0.35314533333333503, "input-string-rng-100/cstdio/pipe": 0.5470353333333454, "input-string-rng-100/iostream_detached/file": 8.021445166666657, "input-string-rng-100/iostream_detached/pipe": 8.19537699999997, "input-string-rng-100/blazingio/file": 0.05029049999999794, "input-string-rng-100/blazingio/pipe": 0.34296183333329583, "output-yes-no-if/burunduk1/file": 0.19725766666666308, "output-yes-no-if/burunduk1/pipe": 0.0724443333333132, "output-yes-no-if/cstdio/file": 1.1926486666666658, "output-yes-no-if/cstdio/pipe": 1.178669833333288, "output-yes-no-if/iostream_detached/file": 1.6833743333332905, "output-yes-no-if/iostream_detached/pipe": 1.6085724999999986, "output-yes-no-if/blazingio/file": 0.06876383333334009, "output-yes-no-if/blazingio/pipe": 0.17251016666663568, "output-line/burunduk1/file": 0.21106049999999263, "output-line/burunduk1/pipe": 0.17176566666671533, "output-line/cstdio/file": 0.15519050000000334, "output-line/cstdio/pipe": 0.11004800000000614, "output-line/iostream_detached/file": 0.1528369999999768, "output-line/iostream_detached/pipe": 0.10635783333331499, "output-line/blazingio/file": 0.1220938333333758, "output-line/blazingio/pipe": 0.142916833333364, "output-yes-no-ternary/burunduk1/file": 0.11369383333328642, "output-yes-no-ternary/burunduk1/pipe": 0.10133699999998196, "output-yes-no-ternary/cstdio/file": 1.0880653333333232, "output-yes-no-ternary/cstdio/pipe": 1.1789678333333313, "output-yes-no-ternary/iostream_detached/file": 1.614298999999998, "output-yes-no-ternary/iostream_detached/pipe": 1.5938986666666324, "output-yes-no-ternary/blazingio/file": 0.19639316666662884, "output-yes-no-ternary/blazingio/pipe": 0.22244049999998575, "output-exponentially-random-double/cstdio_g/file": 0.1801459999999603, "output-exponentially-random-double/cstdio_g/pipe": 0.185396166666654, "output-exponentially-random-double/cstdio/file": 3.5141984999999827, "output-exponentially-random-double/cstdio/pipe": 3.44703716666667, "output-exponentially-random-double/iostream_detached/file": 0.27001266666669227, "output-exponentially-random-double/iostream_detached/pipe": 0.27160416666667214, "output-exponentially-random-double/blazingio/file": 0.10402399999998124, "output-exponentially-random-double/blazingio/pipe": 0.12158033333332696, "output-uniformly-random-double/cstdio_g/file": 0.16083633333335, "output-uniformly-random-double/cstdio_g/pipe": 0.1596748333333077, "output-uniformly-random-double/cstdio/file": 7.332333666666614, "output-uniformly-random-double/cstdio/pipe": 7.286144499999978, "output-uniformly-random-double/iostream_detached/file": 0.21183116666664623, "output-uniformly-random-double/iostream_detached/pipe": 0.21641399999998612, "output-uniformly-random-double/blazingio/file": 0.15250666666668167, "output-uniformly-random-double/blazingio/pipe": 0.1744616666666919, "output-exponentially-random-16bit/burunduk1/file": 0.13028283333335366, "output-exponentially-random-16bit/burunduk1/pipe": 0.10163450000000769, "output-exponentially-random-16bit/cstdio/file": 0.61084333333334, "output-exponentially-random-16bit/cstdio/pipe": 0.6174965000000157, "output-exponentially-random-16bit/iostream_detached/file": 1.2967314999999644, "output-exponentially-random-16bit/iostream_detached/pipe": 1.2961161666666687, "output-exponentially-random-16bit/blazingio/file": 0.06138483333328774, "output-exponentially-random-16bit/blazingio/pipe": 0.06860166666664706, "input-line/cstdio/file": 0.04070650000001782, "input-line/cstdio/pipe": 0.5462021666666791, "input-line/iostream_detached/file": 5.129397166666725, "input-line/iostream_detached/pipe": 5.153970999999994, "input-line/blazingio/file": 0.03949133333333066, "input-line/blazingio/pipe": 0.5613093333333078, "output-uniformly-random-64bit/burunduk1/file": 0.41124133333331275, "output-uniformly-random-64bit/burunduk1/pipe": 0.29619066666668914, "output-uniformly-random-64bit/cstdio/file": 0.8539506666666435, "output-uniformly-random-64bit/cstdio/pipe": 0.8253124999999955, "output-uniformly-random-64bit/iostream_detached/file": 1.5576366666666293, "output-uniformly-random-64bit/iostream_detached/pipe": 1.5667146666666742, "output-uniformly-random-64bit/blazingio/file": 0.17083600000000843, "output-uniformly-random-64bit/blazingio/pipe": 0.15273050000003727, "output-exponentially-random-float/cstdio_g/file": 0.1413751666666864, "output-exponentially-random-float/cstdio_g/pipe": 0.14052233333332728, "output-exponentially-random-float/cstdio/file": 0.20889199999999164, "output-exponentially-random-float/cstdio/pipe": 0.2094086666666802, "output-exponentially-random-float/iostream_detached/file": 0.22793133333330692, "output-exponentially-random-float/iostream_detached/pipe": 0.23030066666668367, "output-exponentially-random-float/blazingio/file": 0.025785000000003794, "output-exponentially-random-float/blazingio/pipe": 0.034692500000005566, "output-exponentially-random-32bit/burunduk1/file": 0.1602223333333844, "output-exponentially-random-32bit/burunduk1/pipe": 0.15004866666671055, "output-exponentially-random-32bit/cstdio/file": 0.632194833333339, "output-exponentially-random-32bit/cstdio/pipe": 0.6344878333333478, "output-exponentially-random-32bit/iostream_detached/file": 1.322736999999961, "output-exponentially-random-32bit/iostream_detached/pipe": 1.3344943333333579, "output-exponentially-random-32bit/blazingio/file": 0.08070749999997891, "output-exponentially-random-32bit/blazingio/pipe": 0.09348000000003746, "input-exponentially-random-64bit/burunduk1/file": 0.14307083333331624, "input-exponentially-random-64bit/burunduk1/pipe": 0.36533799999998945, "input-exponentially-random-64bit/cstdio/file": 1.0637144999999844, "input-exponentially-random-64bit/cstdio/pipe": 1.0854000000000117, "input-exponentially-random-64bit/iostream_detached/file": 13.835170666666727, "input-exponentially-random-64bit/iostream_detached/pipe": 14.227437500000027, "input-exponentially-random-64bit/blazingio/file": 0.09168050000001433, "input-exponentially-random-64bit/blazingio/pipe": 0.33874149999996916, "input-uniformly-random-double/cstdio/file": 1.4380133333333258, "input-uniformly-random-double/cstdio/pipe": 1.4651705000000372, "input-uniformly-random-double/iostream_detached/file": 26.129915833333296, "input-uniformly-random-double/iostream_detached/pipe": 26.667204333333377, "input-uniformly-random-double/blazingio/file": 0.24176350000000943, "input-uniformly-random-double/blazingio/pipe": 0.7354141666666388, "input-bitset-10000/iostream_detached/file": 6.936289666666653, "input-bitset-10000/iostream_detached/pipe": 6.98107733333336, "input-bitset-10000/blazingio/file": 0.025298333333315288, "input-bitset-10000/blazingio/pipe": 0.2659734999999728,