{"input-uniformly-random-64bit/burunduk1/file": 0.12814716666666648, "input-uniformly-random-64bit/burunduk1/pipe": 0.282489, "input-uniformly-random-64bit/cstdio/file": 0.8836888333333333, "input-uniformly-random-64bit/cstdio/pipe": 0.8796526666666663, "input-uniformly-random-64bit/iostream_detached/file": 12.5914135, "input-uniformly-random-64bit/iostream_detached/pipe": 12.536229999999998, "input-uniformly-random-64bit/blazingio/file": 0.08442583333333194, "input-uniformly-random-64bit/blazingio/pipe": 0.2588653333333279, "input-exponentially-random-double/cstdio/file": 0.7857688333333405, "input-exponentially-random-double/cstdio/pipe": 0.8105254999999923, "input-exponentially-random-double/iostream_detached/file": 14.781638333333328, "input-exponentially-random-double/iostream_detached/pipe": 14.977870000000015, "input-exponentially-random-double/blazingio/file": 0.23088683333334833, "input-exponentially-random-double/blazingio/pipe": 0.4036034999999932, "output-bitset-10000/iostream_detached/file": 0.1380563333333195, "output-bitset-10000/iostream_detached/pipe": 0.12170783333332717, "output-bitset-10000/blazingio/file": 0.009834333333325654, "output-bitset-10000/blazingio/pipe": 0.014555666666656938, "input-string-rng-100/cstdio/file": 0.22982499999998632, "input-string-rng-100/cstdio/pipe": 0.23286550000002157, "input-string-rng-100/iostream_detached/file": 3.342435333333318, "input-string-rng-100/iostream_detached/pipe": 3.357280666666668, "input-string-rng-100/blazingio/file": 0.02410250000002634, "input-string-rng-100/blazingio/pipe": 0.12066016666669081, "output-yes-no-if/burunduk1/file": 0.057089666666665075, "output-yes-no-if/burunduk1/pipe": 0.050131833333333965, "output-yes-no-if/cstdio/file": 0.5880181666666809, "output-yes-no-if/cstdio/pipe": 0.5797878333333225, "output-yes-no-if/iostream_detached/file": 0.6473234999999894, "output-yes-no-if/iostream_detached/pipe": 0.6383074999999963, "output-yes-no-if/blazingio/file": 0.03816349999999602, "output-yes-no-if/blazingio/pipe": 0.04022533333333437, "output-line/burunduk1/file": 0.07993599999999408, "output-line/burunduk1/pipe": 0.055996333333344715, "output-line/cstdio/file": 0.05324016666664496, "output-line/cstdio/pipe": 0.0240743333333171, "output-line/iostream_detached/file": 0.0500645000000001, "output-line/iostream_detached/pipe": 0.021836833333338745, "output-line/blazingio/file": 0.01845266666667082, "output-line/blazingio/pipe": 0.023353833333336144, "output-yes-no-ternary/burunduk1/file": 0.07104949999999614, "output-yes-no-ternary/burunduk1/pipe": 0.06618933333334098, "output-yes-no-ternary/cstdio/file": 0.5863073333333281, "output-yes-no-ternary/cstdio/pipe": 0.579628833333345, "output-yes-no-ternary/iostream_detached/file": 0.6512156666666821, "output-yes-no-ternary/iostream_detached/pipe": 0.6361151666666652, "output-yes-no-ternary/blazingio/file": 0.15450633333333977, "output-yes-no-ternary/blazingio/pipe": 0.15047833333333452, "output-exponentially-random-double/cstdio_g/file": 0.11169083333334129, "output-exponentially-random-double/cstdio_g/pipe": 0.11109416666664629, "output-exponentially-random-double/cstdio/file": 3.0097053333333483, "output-exponentially-random-double/cstdio/pipe": 2.984616833333329, "output-exponentially-random-double/iostream_detached/file": 0.15046533333332945, "output-exponentially-random-double/iostream_detached/pipe": 0.14964183333334327, "output-exponentially-random-double/blazingio/file": 0.10893399999999549, "output-exponentially-random-double/blazingio/pipe": 0.10963650000000295, "output-uniformly-random-double/cstdio_g/file": 0.10112833333333053, "output-uniformly-random-double/cstdio_g/pipe": 0.10109633333331658, "output-uniformly-random-double/cstdio/file": 7.889756500000014, "output-uniformly-random-double/cstdio/pipe": 7.816195333333326, "output-uniformly-random-double/iostream_detached/file": 0.13724283333334597, "output-uniformly-random-double/iostream_detached/pipe": 0.13631866666664413, "output-uniformly-random-double/blazingio/file": 0.19199183333334227, "output-uniformly-random-double/blazingio/pipe": 0.19387283333334912, "output-exponentially-random-16bit/burunduk1/file": 0.10316433333334392, "output-exponentially-random-16bit/burunduk1/pipe": 0.10326799999999518, "output-exponentially-random-16bit/cstdio/file": 0.3404776666666673, "output-exponentially-random-16bit/cstdio/pipe": 0.3341031666666557, "output-exponentially-random-16bit/iostream_detached/file": 0.6490301666666672, "output-exponentially-random-16bit/iostream_detached/pipe": 0.6403189999999768, "output-exponentially-random-16bit/blazingio/file": 0.04722616666665166, "output-exponentially-random-16bit/blazingio/pipe": 0.048907666666669534, "input-line/cstdio/file": 0.028864333333350107, "input-line/cstdio/pipe": 0.16859300000000607, "input-line/iostream_detached/file": 2.0066188333333344, "input-line/iostream_detached/pipe": 2.0336981666666816, "input-line/blazingio/file": 0.012229666666674651, "input-line/blazingio/pipe": 0.17173650000002758, "output-uniformly-random-64bit/burunduk1/file": 0.2434329999999818, "output-uniformly-random-64bit/burunduk1/pipe": 0.22675283333330754, "output-uniformly-random-64bit/cstdio/file": 0.37076200000001336, "output-uniformly-random-64bit/cstdio/pipe": 0.3652578333332788, "output-uniformly-random-64bit/iostream_detached/file": 0.7025910000000218, "output-uniformly-random-64bit/iostream_detached/pipe": 0.7016425000000481, "output-uniformly-random-64bit/blazingio/file": 0.06620549999998578, "output-uniformly-random-64bit/blazingio/pipe": 0.07349933333330227, "output-exponentially-random-float/cstdio_g/file": 0.11192249999999149, "output-exponentially-random-float/cstdio_g/pipe": 0.1116866666666662, "output-exponentially-random-float/cstdio/file": 0.15838250000001608, "output-exponentially-random-float/cstdio/pipe": 0.1574556666666164, "output-exponentially-random-float/iostream_detached/file": 0.15148133333332225, "output-exponentially-random-float/iostream_detached/pipe": 0.15126600000000204, "output-exponentially-random-float/blazingio/file": 0.022274166666647943, "output-exponentially-random-float/blazingio/pipe": 0.02259300000002895, "output-exponentially-random-32bit/burunduk1/file": 0.14806349999999688, "output-exponentially-random-32bit/burunduk1/pipe": 0.1479626666666339, "output-exponentially-random-32bit/cstdio/file": 0.34664566666670754, "output-exponentially-random-32bit/cstdio/pipe": 0.34211750000001, "output-exponentially-random-32bit/iostream_detached/file": 0.6824108333333546, "output-exponentially-random-32bit/iostream_detached/pipe": 0.6742733333333414, "output-exponentially-random-32bit/blazingio/file": 0.06796616666667887, "output-exponentially-random-32bit/blazingio/pipe": 0.07035666666668779, "input-exponentially-random-64bit/burunduk1/file": 0.10599616666665194, "input-exponentially-random-64bit/burunduk1/pipe": 0.15259849999999156, "input-exponentially-random-64bit/cstdio/file": 0.5459323333333259, "input-exponentially-random-64bit/cstdio/pipe": 0.5636806666666795, "input-exponentially-random-64bit/iostream_detached/file": 7.714870666666684, "input-exponentially-random-64bit/iostream_detached/pipe": 7.704229166666702, "input-exponentially-random-64bit/blazingio/file": 0.0659371666666857, "input-exponentially-random-64bit/blazingio/pipe": 0.1744414999999814, "input-uniformly-random-double/cstdio/file": 0.7634684999999687, "input-uniformly-random-double/cstdio/pipe": 0.7819573333333286, "input-uniformly-random-double/iostream_detached/file": 14.878390500000023, "input-uniformly-random-double/iostream_detached/pipe": 14.858742000000007, "input-uniformly-random-double/blazingio/file": 0.17599750000003192, "input-uniformly-random-double/blazingio/pipe": 0.3844576666666626, "input-bitset-10000/iostream_detached/file": 3.4720106666666575, "input-bitset-10000/iostream_detached/pipe": 3.4679323333333514, "input-bitset-10000/blazingio/file": 0.008391666666663392,