{"input-bitset-100/blazingio/file": 0.005208333333333333, "input-bitset-100/blazingio/pipe": 0.0078125, "input-bitset-100/iostream_detached/file": 0.14322916666666666, "input-bitset-100/iostream_detached/pipe": 0.14322916666666666, "input-bitset-1000/blazingio/file": 0.028645833333333332, "input-bitset-1000/blazingio/pipe": 0.020833333333333332, "input-bitset-1000/iostream_detached/file": 1.1510416666666667, "input-bitset-1000/iostream_detached/pipe": 1.1302083333333333, "input-bitset-10000/blazingio/file": 0.0234375, "input-bitset-10000/blazingio/pipe": 0.015625, "input-bitset-10000/iostream_detached/file": 1.171875, "input-bitset-10000/iostream_detached/pipe": 1.1328125, "input-char/blazingio/file": 0.049479166666666664, "input-char/blazingio/pipe": 0.052083333333333336, "input-char/burunduk1/file": 0.09375, "input-char/burunduk1/pipe": 0.08072916666666667, "input-char/cstdio/file": 1.9427083333333333, "input-char/cstdio/pipe": 1.9270833333333333, "input-char/iostream_detached/file": 1.6328125, "input-char/iostream_detached/pipe": 1.6302083333333333, "input-exponentially-random-16bit/blazingio/file": 0.08072916666666667, "input-exponentially-random-16bit/blazingio/pipe": 0.09895833333333333, "input-exponentially-random-16bit/burunduk1/file": 0.15104166666666666, "input-exponentially-random-16bit/burunduk1/pipe": 0.13541666666666666, "input-exponentially-random-16bit/cstdio/file": 1.0833333333333333, "input-exponentially-random-16bit/cstdio/pipe": 1.0677083333333333, "input-exponentially-random-16bit/iostream_detached/file": 2.5104166666666665, "input-exponentially-random-16bit/iostream_detached/pipe": 2.4869791666666665, "input-exponentially-random-32bit/blazingio/file": 0.09895833333333333, "input-exponentially-random-32bit/blazingio/pipe": 0.11197916666666667, "input-exponentially-random-32bit/burunduk1/file": 0.1796875, "input-exponentially-random-32bit/burunduk1/pipe": 0.16666666666666666, "input-exponentially-random-32bit/cstdio/file": 1.1927083333333333, "input-exponentially-random-32bit/cstdio/pipe": 1.1822916666666667, "input-exponentially-random-32bit/iostream_detached/file": 3.0989583333333335, "input-exponentially-random-32bit/iostream_detached/pipe": 3.0911458333333335, "input-exponentially-random-64bit/blazingio/file": 0.22395833333333334, "input-exponentially-random-64bit/blazingio/pipe": 0.2760416666666667, "input-exponentially-random-64bit/burunduk1/file": 0.3177083333333333, "input-exponentially-random-64bit/burunduk1/pipe": 0.2994791666666667, "input-exponentially-random-64bit/cstdio/file": 1.46875, "input-exponentially-random-64bit/cstdio/pipe": 1.4479166666666667, "input-exponentially-random-64bit/iostream_detached/file": 4.458333333333333, "input-exponentially-random-64bit/iostream_detached/pipe": 4.432291666666667, "input-exponentially-random-double/blazingio/file": 0.6171875, "input-exponentially-random-double/blazingio/pipe": 0.546875, "input-exponentially-random-double/cstdio/file": 3.9713541666666665, "input-exponentially-random-double/cstdio/pipe": 3.921875, "input-exponentially-random-double/iostream_detached/file": 7.122395833333333, "input-exponentially-random-double/iostream_detached/pipe": 7.044270833333333, "input-exponentially-random-float/blazingio/file": 0.5338541666666666, "input-exponentially-random-float/blazingio/pipe": 0.4739583333333333, "input-exponentially-random-float/cstdio/file": 2.9583333333333335, "input-exponentially-random-float/cstdio/pipe": 2.90625, "input-exponentially-random-float/iostream_detached/file": 6.0625, "input-exponentially-random-float/iostream_detached/pipe": 6.059895833333333, "input-line/blazingio/file": 0.07552083333333333, "input-line/blazingio/pipe": 0.033854166666666664, "input-line/cstdio/file": 0.5703125, "input-line/cstdio/pipe": 0.53125, "input-line/iostream_detached/file": 0.796875, "input-line/iostream_detached/pipe": 0.765625, "input-string-rng-100/blazingio/file": 0.0625, "input-string-rng-100/blazingio/pipe": 0.046875, "input-string-rng-100/cstdio/file": 0.5598958333333334, "input-string-rng-100/cstdio/pipe": 0.5390625, "input-string-rng-100/iostream_detached/file": 0.5390625, "input-string-rng-100/iostream_detached/pipe": 0.5182291666666666, "input-string-rng-2000/blazingio/file": 0.057291666666666664, "input-string-rng-2000/blazingio/pipe": 0.0234375, "input-string-rng-2000/cstdio/file": 0.8229166666666666, "input-string-rng-2000/cstdio/pipe": 0.7838541666666666, "input-string-rng-2000/iostream_detached/file": 0.8255208333333334, "input-string-rng-2000/iostream_detached/pipe": 0.7864583333333334, "input-uniformly-random-16bit/blazingio/file": 0.09375, "input-uniformly-random-16bit/blazingio/pipe": 0.09114583333333333, "input-uniformly-random-16bit/burunduk1/file": 0.14583333333333334, "input-uniformly-random-16bit/burunduk1/pipe": 0.125, "input-uniformly-random-16bit/cstdio/file": 1.1171875, "input-uniformly-random-16bit/cstdio/pipe": 1.109375, "input-uniformly-random-16bit/iostream_detached/file": 2.9036458333333335, "input-uniformly-random-16bit/iostream_detached/pipe": 2.8854166666666665, "input-uniformly-random-32bit/blazingio/file": 0.12239583333333333, "input-uniformly-random-32bit/blazingio/pipe": 0.1171875, "input-uniformly-random-32bit/burunduk1/file": 0.203125, "input-uniformly-random-32bit/burunduk1/pipe": 0.17708333333333334, "input-uniformly-random-32bit/cstdio/file": 1.3489583333333333, "input-uniformly-random-32bit/cstdio/pipe": 1.3255208333333333, "input-uniformly-random-32bit/iostream_detached/file": 4.088541666666667, "input-uniformly-random-32bit/iostream_detached/pipe": 4.052083333333333, "input-uniformly-random-64bit/blazingio/file": 0.3020833333333333, "input-uniformly-random-64bit/blazingio/pipe": 0.3828125, "input-uniformly-random-64bit/burunduk1/file": 0.4583333333333333, "input-uniformly-random-64bit/burunduk1/pipe": 0.421875, "input-uniformly-random-64bit/cstdio/file": 1.8854166666666667, "input-uniformly-random-64bit/cstdio/pipe": 1.8489583333333333, "input-uniformly-random-64bit/iostream_detached/file": 6.640625, "input-uniformly-random-64bit/iostream_detached/pipe": 6.609375, "input-uniformly-random-double/blazingio/file": 0.5416666666666666, "input-uniformly-random-double/blazingio/pipe": 0.46875, "input-uniformly-random-double/cstdio/file": 3.8776041666666665, "input-uniformly-random-double/cstdio/pipe": 3.8229166666666665, "input-uniformly-random-double/iostream_detached/file": 6.903645833333333, "input-uniformly-random-double/iostream_detached/pipe": 6.8828125, "input-uniformly-random-float/blazingio/file": 0.4791666666666667, "input-uniformly-random-float/blazingio/pipe": 0.4140625, "input-uniformly-random-float/cstdio/file": 2.5807291666666665, "input-uniformly-random-float/cstdio/pipe": 2.5286458333333335, "input-uniformly-random-float/iostream_detached/file": 5.614583333333333, "input-uniformly-random-float/iostream_detached/pipe": 5.575520833333333, "input-yes-no/blazingio/file": 0.15364583333333334, "input-yes-no/blazingio/pipe": 0.19270833333333334, "input-yes-no/cstdio/file": 1.5416666666666667, "input-yes-no/cstdio/pipe": 1.5364583333333333, "input-yes-no/iostream_detached/file": 1.6979166666666667, "input-yes-no/iostream_detached/pipe": 1.6979166666666667, "output-bitset-100/blazingio/file": 0.028645833333333332, "output-bitset-100/blazingio/pipe": 0.033854166666666664, "output-bitset-100/iostream_detached/file": 0.3567708333333333, "output-bitset-100/iostream_detached/pipe": 0.3151041666666667, "output-bitset-1000/blazingio/file": 0.028645833333333332, "output-bitset-1000/blazingio/pipe": 0.028645833333333332, "output-bitset-1000/iostream_detached/file": 0.22395833333333334, "output-bitset-1000/iostream_detached/pipe": 0.1796875, "output-bitset-10000/blazingio/file": 0.0234375, "output-bitset-10000/blazingio/pipe": 0.0390625, "output-bitset-10000/iostream_detached/file": 0.20572916666666666, "output-bitset-10000/iostream_detached/pipe": 0.171875, "output-char/blazingio/file": 0.0390625,