{"input-bitset-100/blazingio/file": 0.005208333333333333, "input-bitset-100/blazingio/pipe": 0.010416666666666666, "input-bitset-100/iostream_detached/file": 0.2916666666666667, "input-bitset-100/iostream_detached/pipe": 0.2942708333333333, "input-bitset-1000/blazingio/file": 0.036458333333333336, "input-bitset-1000/blazingio/pipe": 0.015625, "input-bitset-1000/iostream_detached/file": 0.6432291666666666, "input-bitset-1000/iostream_detached/pipe": 0.6276041666666666, "input-bitset-10000/blazingio/file": 0.033854166666666664, "input-bitset-10000/blazingio/pipe": 0.018229166666666668, "input-bitset-10000/iostream_detached/file": 0.6484375, "input-bitset-10000/iostream_detached/pipe": 0.6276041666666666, "input-char/blazingio/file": 0.033854166666666664, "input-char/blazingio/pipe": 0.044270833333333336, "input-char/burunduk1/file": 0.0703125, "input-char/burunduk1/pipe": 0.06770833333333333, "input-char/cstdio/file": 2.6666666666666665, "input-char/cstdio/pipe": 2.6484375, "input-char/iostream_detached/file": 0.2265625, "input-char/iostream_detached/pipe": 0.22135416666666666, "input-exponentially-random-16bit/blazingio/file": 0.09375, "input-exponentially-random-16bit/blazingio/pipe": 0.07291666666666667, "input-exponentially-random-16bit/burunduk1/file": 0.15104166666666666, "input-exponentially-random-16bit/burunduk1/pipe": 0.140625, "input-exponentially-random-16bit/cstdio/file": 2.3776041666666665, "input-exponentially-random-16bit/cstdio/pipe": 2.3828125, "input-exponentially-random-16bit/iostream_detached/file": 0.671875, "input-exponentially-random-16bit/iostream_detached/pipe": 0.6614583333333334, "input-exponentially-random-32bit/blazingio/file": 0.109375, "input-exponentially-random-32bit/blazingio/pipe": 0.078125, "input-exponentially-random-32bit/burunduk1/file": 0.1796875, "input-exponentially-random-32bit/burunduk1/pipe": 0.16666666666666666, "input-exponentially-random-32bit/cstdio/file": 2.7708333333333335, "input-exponentially-random-32bit/cstdio/pipe": 2.7526041666666665, "input-exponentially-random-32bit/iostream_detached/file": 0.7473958333333334, "input-exponentially-random-32bit/iostream_detached/pipe": 0.7317708333333334, "input-exponentially-random-64bit/blazingio/file": 0.19010416666666666, "input-exponentially-random-64bit/blazingio/pipe": 0.1796875, "input-exponentially-random-64bit/burunduk1/file": 0.328125, "input-exponentially-random-64bit/burunduk1/pipe": 0.3046875, "input-exponentially-random-64bit/cstdio/file": 3.5078125, "input-exponentially-random-64bit/cstdio/pipe": 3.4817708333333335, "input-exponentially-random-64bit/iostream_detached/file": 0.9505208333333334, "input-exponentially-random-64bit/iostream_detached/pipe": 0.9244791666666666, "input-exponentially-random-double/blazingio/file": 0.828125, "input-exponentially-random-double/blazingio/pipe": 0.8203125, "input-exponentially-random-double/cstdio/file": 11.020833333333334, "input-exponentially-random-double/cstdio/pipe": 10.9765625, "input-exponentially-random-double/iostream_detached/file": 18.25, "input-exponentially-random-double/iostream_detached/pipe": 18.200520833333332, "input-exponentially-random-float/blazingio/file": 0.4296875, "input-exponentially-random-float/blazingio/pipe": 0.3984375, "input-exponentially-random-float/cstdio/file": 8.213541666666666, "input-exponentially-random-float/cstdio/pipe": 8.161458333333334, "input-exponentially-random-float/iostream_detached/file": 16.981770833333332, "input-exponentially-random-float/iostream_detached/pipe": 16.8984375, "input-line/blazingio/file": 0.07291666666666667, "input-line/blazingio/pipe": 0.036458333333333336, "input-line/cstdio/file": 0.3880208333333333, "input-line/cstdio/pipe": 0.3541666666666667, "input-line/iostream_detached/file": 0.2109375, "input-line/iostream_detached/pipe": 0.17708333333333334, "input-string-rng-100/blazingio/file": 0.0625, "input-string-rng-100/blazingio/pipe": 0.044270833333333336, "input-string-rng-100/cstdio/file": 1.578125, "input-string-rng-100/cstdio/pipe": 1.5625, "input-string-rng-100/iostream_detached/file": 0.1640625, "input-string-rng-100/iostream_detached/pipe": 0.14583333333333334, "input-string-rng-2000/blazingio/file": 0.049479166666666664, "input-string-rng-2000/blazingio/pipe": 0.015625, "input-string-rng-2000/cstdio/file": 2.7552083333333335, "input-string-rng-2000/cstdio/pipe": 2.5234375, "input-string-rng-2000/iostream_detached/file": 0.2265625, "input-string-rng-2000/iostream_detached/pipe": 0.19010416666666666, "input-uniformly-random-16bit/blazingio/file": 0.08333333333333333, "input-uniformly-random-16bit/blazingio/pipe": 0.057291666666666664, "input-uniformly-random-16bit/burunduk1/file": 0.14322916666666666, "input-uniformly-random-16bit/burunduk1/pipe": 0.125, "input-uniformly-random-16bit/cstdio/file": 2.6354166666666665, "input-uniformly-random-16bit/cstdio/pipe": 2.6171875, "input-uniformly-random-16bit/iostream_detached/file": 0.6901041666666666, "input-uniformly-random-16bit/iostream_detached/pipe": 0.6614583333333334, "input-uniformly-random-32bit/blazingio/file": 0.109375, "input-uniformly-random-32bit/blazingio/pipe": 0.08072916666666667, "input-uniformly-random-32bit/burunduk1/file": 0.19791666666666666, "input-uniformly-random-32bit/burunduk1/pipe": 0.17447916666666666, "input-uniformly-random-32bit/cstdio/file": 3.375, "input-uniformly-random-32bit/cstdio/pipe": 3.3489583333333335, "input-uniformly-random-32bit/iostream_detached/file": 0.8072916666666666, "input-uniformly-random-32bit/iostream_detached/pipe": 0.7864583333333334, "input-uniformly-random-64bit/blazingio/file": 0.265625, "input-uniformly-random-64bit/blazingio/pipe": 0.2578125, "input-uniformly-random-64bit/burunduk1/file": 0.4661458333333333, "input-uniformly-random-64bit/burunduk1/pipe": 0.4244791666666667, "input-uniformly-random-64bit/cstdio/file": 4.786458333333333, "input-uniformly-random-64bit/cstdio/pipe": 4.747395833333333, "input-uniformly-random-64bit/iostream_detached/file": 1.1744791666666667, "input-uniformly-random-64bit/iostream_detached/pipe": 1.1432291666666667, "input-uniformly-random-double/blazingio/file": 1.1770833333333333, "input-uniformly-random-double/blazingio/pipe": 1.2005208333333333, "input-uniformly-random-double/cstdio/file": 10.317708333333334, "input-uniformly-random-double/cstdio/pipe": 10.278645833333334, "input-uniformly-random-double/iostream_detached/file": 17.958333333333332, "input-uniformly-random-double/iostream_detached/pipe": 17.9609375, "input-uniformly-random-float/blazingio/file": 0.3697916666666667, "input-uniformly-random-float/blazingio/pipe": 0.3541666666666667, "input-uniformly-random-float/cstdio/file": 7.653645833333333, "input-uniformly-random-float/cstdio/pipe": 7.625, "input-uniformly-random-float/iostream_detached/file": 16.440104166666668, "input-uniformly-random-float/iostream_detached/pipe": 16.427083333333332, "input-yes-no/blazingio/file": 0.20052083333333334, "input-yes-no/blazingio/pipe": 0.1875, "input-yes-no/cstdio/file": 3.4088541666666665, "input-yes-no/cstdio/pipe": 3.6614583333333335, "input-yes-no/iostream_detached/file": 0.4270833333333333, "input-yes-no/iostream_detached/pipe": 0.4192708333333333, "output-bitset-100/blazingio/file": 0.028645833333333332, "output-bitset-100/blazingio/pipe": 0.033854166666666664, "output-bitset-100/iostream_detached/file": 0.3151041666666667, "output-bitset-100/iostream_detached/pipe": 0.3333333333333333, "output-bitset-1000/blazingio/file": 0.028645833333333332, "output-bitset-1000/blazingio/pipe": 0.03125, "output-bitset-1000/iostream_detached/file": 0.2578125, "output-bitset-1000/iostream_detached/pipe": 0.2734375, "output-bitset-10000/blazingio/file": 0.026041666666666668, "output-bitset-10000/blazingio/pipe": 0.028645833333333332, "output-bitset-10000/iostream_detached/file": 0.23958333333333334, "output-bitset-10000/iostream_detached/pipe": 0.2604166666666667, "output-char/blazingio/file": 0.010416666666666666,