{"input-bitset-100/blazingio/file": 0.0, "input-bitset-100/blazingio/pipe": 0.0026041666666666665, "input-bitset-100/iostream_detached/file": 0.08854166666666667, "input-bitset-100/iostream_detached/pipe": 0.0859375, "input-bitset-1000/blazingio/file": 0.0234375, "input-bitset-1000/blazingio/pipe": 0.010416666666666666, "input-bitset-1000/iostream_detached/file": 0.7265625, "input-bitset-1000/iostream_detached/pipe": 0.7083333333333334, "input-bitset-10000/blazingio/file": 0.026041666666666668, "input-bitset-10000/blazingio/pipe": 0.013020833333333334, "input-bitset-10000/iostream_detached/file": 0.6927083333333334, "input-bitset-10000/iostream_detached/pipe": 0.6796875, "input-char/blazingio/file": 0.044270833333333336, "input-char/blazingio/pipe": 0.046875, "input-char/burunduk1/file": 0.08333333333333333, "input-char/burunduk1/pipe": 0.07552083333333333, "input-char/cstdio/file": 1.1484375, "input-char/cstdio/pipe": 1.1380208333333333, "input-char/iostream_detached/file": 1.2708333333333333, "input-char/iostream_detached/pipe": 1.2630208333333333, "input-exponentially-random-16bit/blazingio/file": 0.0703125, "input-exponentially-random-16bit/blazingio/pipe": 0.09114583333333333, "input-exponentially-random-16bit/burunduk1/file": 0.1484375, "input-exponentially-random-16bit/burunduk1/pipe": 0.1328125, "input-exponentially-random-16bit/cstdio/file": 0.6796875, "input-exponentially-random-16bit/cstdio/pipe": 0.6640625, "input-exponentially-random-16bit/iostream_detached/file": 1.8177083333333333, "input-exponentially-random-16bit/iostream_detached/pipe": 1.8020833333333333, "input-exponentially-random-32bit/blazingio/file": 0.09114583333333333, "input-exponentially-random-32bit/blazingio/pipe": 0.1015625, "input-exponentially-random-32bit/burunduk1/file": 0.19010416666666666, "input-exponentially-random-32bit/burunduk1/pipe": 0.17447916666666666, "input-exponentially-random-32bit/cstdio/file": 0.7473958333333334, "input-exponentially-random-32bit/cstdio/pipe": 0.7317708333333334, "input-exponentially-random-32bit/iostream_detached/file": 2.1614583333333335, "input-exponentially-random-32bit/iostream_detached/pipe": 2.0807291666666665, "input-exponentially-random-64bit/blazingio/file": 0.13020833333333334, "input-exponentially-random-64bit/blazingio/pipe": 0.11979166666666667, "input-exponentially-random-64bit/burunduk1/file": 0.2421875, "input-exponentially-random-64bit/burunduk1/pipe": 0.21875, "input-exponentially-random-64bit/cstdio/file": 0.8541666666666666, "input-exponentially-random-64bit/cstdio/pipe": 0.8307291666666666, "input-exponentially-random-64bit/iostream_detached/file": 2.8697916666666665, "input-exponentially-random-64bit/iostream_detached/pipe": 2.8359375, "input-exponentially-random-double/blazingio/file": 0.328125, "input-exponentially-random-double/blazingio/pipe": 0.28125, "input-exponentially-random-double/cstdio/file": 2.5755208333333335, "input-exponentially-random-double/cstdio/pipe": 2.515625, "input-exponentially-random-double/iostream_detached/file": 4.1484375, "input-exponentially-random-double/iostream_detached/pipe": 4.091145833333333, "input-exponentially-random-float/blazingio/file": 0.2578125, "input-exponentially-random-float/blazingio/pipe": 0.23697916666666666, "input-exponentially-random-float/cstdio/file": 1.9401041666666667, "input-exponentially-random-float/cstdio/pipe": 1.9010416666666667, "input-exponentially-random-float/iostream_detached/file": 3.5651041666666665, "input-exponentially-random-float/iostream_detached/pipe": 3.515625, "input-line/blazingio/file": 0.059895833333333336, "input-line/blazingio/pipe": 0.0234375, "input-line/cstdio/file": 0.4609375, "input-line/cstdio/pipe": 0.4244791666666667, "input-line/iostream_detached/file": 0.5729166666666666, "input-line/iostream_detached/pipe": 0.5416666666666666, "input-string-rng-100/blazingio/file": 0.041666666666666664, "input-string-rng-100/blazingio/pipe": 0.03125, "input-string-rng-100/cstdio/file": 0.375, "input-string-rng-100/cstdio/pipe": 0.3541666666666667, "input-string-rng-100/iostream_detached/file": 0.484375, "input-string-rng-100/iostream_detached/pipe": 0.453125, "input-string-rng-2000/blazingio/file": 0.041666666666666664, "input-string-rng-2000/blazingio/pipe": 0.013020833333333334, "input-string-rng-2000/cstdio/file": 0.5625, "input-string-rng-2000/cstdio/pipe": 0.5182291666666666, "input-string-rng-2000/iostream_detached/file": 0.7109375, "input-string-rng-2000/iostream_detached/pipe": 0.6666666666666666, "input-uniformly-random-16bit/blazingio/file": 0.06770833333333333, "input-uniformly-random-16bit/blazingio/pipe": 0.078125, "input-uniformly-random-16bit/burunduk1/file": 0.14583333333333334, "input-uniformly-random-16bit/burunduk1/pipe": 0.1328125, "input-uniformly-random-16bit/cstdio/file": 0.7135416666666666, "input-uniformly-random-16bit/cstdio/pipe": 0.7005208333333334, "input-uniformly-random-16bit/iostream_detached/file": 2.0260416666666665, "input-uniformly-random-16bit/iostream_detached/pipe": 1.9869791666666667, "input-uniformly-random-32bit/blazingio/file": 0.09895833333333333, "input-uniformly-random-32bit/blazingio/pipe": 0.11197916666666667, "input-uniformly-random-32bit/burunduk1/file": 0.21875, "input-uniformly-random-32bit/burunduk1/pipe": 0.1953125, "input-uniformly-random-32bit/cstdio/file": 0.8541666666666666, "input-uniformly-random-32bit/cstdio/pipe": 0.828125, "input-uniformly-random-32bit/iostream_detached/file": 2.6328125, "input-uniformly-random-32bit/iostream_detached/pipe": 2.5911458333333335, "input-uniformly-random-64bit/blazingio/file": 0.140625, "input-uniformly-random-64bit/blazingio/pipe": 0.14583333333333334, "input-uniformly-random-64bit/burunduk1/file": 0.3072916666666667, "input-uniformly-random-64bit/burunduk1/pipe": 0.265625, "input-uniformly-random-64bit/cstdio/file": 1.0755208333333333, "input-uniformly-random-64bit/cstdio/pipe": 1.0364583333333333, "input-uniformly-random-64bit/iostream_detached/file": 3.921875, "input-uniformly-random-64bit/iostream_detached/pipe": 3.8802083333333335, "input-uniformly-random-double/blazingio/file": 0.2630208333333333, "input-uniformly-random-double/blazingio/pipe": 0.234375, "input-uniformly-random-double/cstdio/file": 2.4296875, "input-uniformly-random-double/cstdio/pipe": 2.3802083333333335, "input-uniformly-random-double/iostream_detached/file": 4.020833333333333, "input-uniformly-random-double/iostream_detached/pipe": 3.9583333333333335, "input-uniformly-random-float/blazingio/file": 0.2109375, "input-uniformly-random-float/blazingio/pipe": 0.18229166666666666, "input-uniformly-random-float/cstdio/file": 1.6744791666666667, "input-uniformly-random-float/cstdio/pipe": 1.625, "input-uniformly-random-float/iostream_detached/file": 3.1510416666666665, "input-uniformly-random-float/iostream_detached/pipe": 3.109375, "input-yes-no/blazingio/file": 0.18489583333333334, "input-yes-no/blazingio/pipe": 0.21875, "input-yes-no/cstdio/file": 0.9973958333333334, "input-yes-no/cstdio/pipe": 0.9765625, "input-yes-no/iostream_detached/file": 1.3255208333333333, "input-yes-no/iostream_detached/pipe": 1.3098958333333333, "output-bitset-100/blazingio/file": 0.028645833333333332, "output-bitset-100/blazingio/pipe": 0.028645833333333332, "output-bitset-100/iostream_detached/file": 0.265625, "output-bitset-100/iostream_detached/pipe": 0.2421875, "output-bitset-1000/blazingio/file": 0.018229166666666668, "output-bitset-1000/blazingio/pipe": 0.028645833333333332, "output-bitset-1000/iostream_detached/file": 0.18229166666666666, "output-bitset-1000/iostream_detached/pipe": 0.13541666666666666, "output-bitset-10000/blazingio/file": 0.020833333333333332, "output-bitset-10000/blazingio/pipe": 0.036458333333333336, "output-bitset-10000/iostream_detached/file": 0.15364583333333334, "output-bitset-10000/iostream_detached/pipe": 0.11197916666666667, "output-char/blazingio/file": 0.0390625, "output-char/blazingio/pipe": 0.041666666666666664, "output-char/burunduk1/file": 0.0703125,