{"input-bitset-100/blazingio/file": 0.0078125, "input-bitset-100/blazingio/pipe": 0.005208333333333333, "input-bitset-100/iostream_detached/file": 0.21354166666666666, "input-bitset-100/iostream_detached/pipe": 0.22395833333333334, "input-bitset-1000/blazingio/file": 0.028645833333333332, "input-bitset-1000/blazingio/pipe": 0.015625, "input-bitset-1000/iostream_detached/file": 0.6197916666666666, "input-bitset-1000/iostream_detached/pipe": 0.6015625, "input-bitset-10000/blazingio/file": 0.033854166666666664, "input-bitset-10000/blazingio/pipe": 0.015625, "input-bitset-10000/iostream_detached/file": 0.6197916666666666, "input-bitset-10000/iostream_detached/pipe": 0.6145833333333334, "input-char/blazingio/file": 0.026041666666666668, "input-char/blazingio/pipe": 0.044270833333333336, "input-char/burunduk1/file": 0.09375, "input-char/burunduk1/pipe": 0.08333333333333333, "input-char/cstdio/file": 2.4661458333333335, "input-char/cstdio/pipe": 2.46875, "input-char/iostream_detached/file": 0.1875, "input-char/iostream_detached/pipe": 0.17447916666666666, "input-exponentially-random-16bit/blazingio/file": 0.0859375, "input-exponentially-random-16bit/blazingio/pipe": 0.06510416666666667, "input-exponentially-random-16bit/burunduk1/file": 0.15364583333333334, "input-exponentially-random-16bit/burunduk1/pipe": 0.14583333333333334, "input-exponentially-random-16bit/cstdio/file": 1.9296875, "input-exponentially-random-16bit/cstdio/pipe": 1.9192708333333333, "input-exponentially-random-16bit/iostream_detached/file": 0.6145833333333334, "input-exponentially-random-16bit/iostream_detached/pipe": 0.6067708333333334, "input-exponentially-random-32bit/blazingio/file": 0.1015625, "input-exponentially-random-32bit/blazingio/pipe": 0.08333333333333333, "input-exponentially-random-32bit/burunduk1/file": 0.1875, "input-exponentially-random-32bit/burunduk1/pipe": 0.17447916666666666, "input-exponentially-random-32bit/cstdio/file": 2.1770833333333335, "input-exponentially-random-32bit/cstdio/pipe": 2.1536458333333335, "input-exponentially-random-32bit/iostream_detached/file": 0.671875, "input-exponentially-random-32bit/iostream_detached/pipe": 0.65625, "input-exponentially-random-64bit/blazingio/file": 0.13020833333333334, "input-exponentially-random-64bit/blazingio/pipe": 0.1015625, "input-exponentially-random-64bit/burunduk1/file": 0.24479166666666666, "input-exponentially-random-64bit/burunduk1/pipe": 0.22135416666666666, "input-exponentially-random-64bit/cstdio/file": 2.6875, "input-exponentially-random-64bit/cstdio/pipe": 2.6458333333333335, "input-exponentially-random-64bit/iostream_detached/file": 0.7473958333333334, "input-exponentially-random-64bit/iostream_detached/pipe": 0.7265625, "input-exponentially-random-double/blazingio/file": 0.3177083333333333, "input-exponentially-random-double/blazingio/pipe": 0.2994791666666667, "input-exponentially-random-double/cstdio/file": 8.1796875, "input-exponentially-random-double/cstdio/pipe": 8.104166666666666, "input-exponentially-random-double/iostream_detached/file": 16.380208333333332, "input-exponentially-random-double/iostream_detached/pipe": 16.440104166666668, "input-exponentially-random-float/blazingio/file": 0.2526041666666667, "input-exponentially-random-float/blazingio/pipe": 0.23697916666666666, "input-exponentially-random-float/cstdio/file": 6.091145833333333, "input-exponentially-random-float/cstdio/pipe": 6.0, "input-exponentially-random-float/iostream_detached/file": 15.354166666666666, "input-exponentially-random-float/iostream_detached/pipe": 15.630208333333334, "input-line/blazingio/file": 0.12239583333333333, "input-line/blazingio/pipe": 0.078125, "input-line/cstdio/file": 0.328125, "input-line/cstdio/pipe": 0.2864583333333333, "input-line/iostream_detached/file": 0.20833333333333334, "input-line/iostream_detached/pipe": 0.1796875, "input-string-rng-100/blazingio/file": 0.049479166666666664, "input-string-rng-100/blazingio/pipe": 0.033854166666666664, "input-string-rng-100/cstdio/file": 1.2057291666666667, "input-string-rng-100/cstdio/pipe": 1.1875, "input-string-rng-100/iostream_detached/file": 0.12760416666666666, "input-string-rng-100/iostream_detached/pipe": 0.109375, "input-string-rng-2000/blazingio/file": 0.052083333333333336, "input-string-rng-2000/blazingio/pipe": 0.015625, "input-string-rng-2000/cstdio/file": 1.9140625, "input-string-rng-2000/cstdio/pipe": 1.8723958333333333, "input-string-rng-2000/iostream_detached/file": 0.18229166666666666, "input-string-rng-2000/iostream_detached/pipe": 0.1484375, "input-uniformly-random-16bit/blazingio/file": 0.07552083333333333, "input-uniformly-random-16bit/blazingio/pipe": 0.0546875, "input-uniformly-random-16bit/burunduk1/file": 0.15364583333333334, "input-uniformly-random-16bit/burunduk1/pipe": 0.13802083333333334, "input-uniformly-random-16bit/cstdio/file": 2.0885416666666665, "input-uniformly-random-16bit/cstdio/pipe": 2.0494791666666665, "input-uniformly-random-16bit/iostream_detached/file": 0.6276041666666666, "input-uniformly-random-16bit/iostream_detached/pipe": 0.6067708333333334, "input-uniformly-random-32bit/blazingio/file": 0.1171875, "input-uniformly-random-32bit/blazingio/pipe": 0.078125, "input-uniformly-random-32bit/burunduk1/file": 0.21875, "input-uniformly-random-32bit/burunduk1/pipe": 0.19270833333333334, "input-uniformly-random-32bit/cstdio/file": 2.6041666666666665, "input-uniformly-random-32bit/cstdio/pipe": 2.5677083333333335, "input-uniformly-random-32bit/iostream_detached/file": 0.7265625, "input-uniformly-random-32bit/iostream_detached/pipe": 0.7083333333333334, "input-uniformly-random-64bit/blazingio/file": 0.15104166666666666, "input-uniformly-random-64bit/blazingio/pipe": 0.10677083333333333, "input-uniformly-random-64bit/burunduk1/file": 0.3229166666666667, "input-uniformly-random-64bit/burunduk1/pipe": 0.2864583333333333, "input-uniformly-random-64bit/cstdio/file": 3.5260416666666665, "input-uniformly-random-64bit/cstdio/pipe": 3.4817708333333335, "input-uniformly-random-64bit/iostream_detached/file": 0.875, "input-uniformly-random-64bit/iostream_detached/pipe": 0.8463541666666666, "input-uniformly-random-double/blazingio/file": 0.25, "input-uniformly-random-double/blazingio/pipe": 0.23177083333333334, "input-uniformly-random-double/cstdio/file": 7.4765625, "input-uniformly-random-double/cstdio/pipe": 7.4296875, "input-uniformly-random-double/iostream_detached/file": 15.565104166666666, "input-uniformly-random-double/iostream_detached/pipe": 15.895833333333334, "input-uniformly-random-float/blazingio/file": 0.21354166666666666, "input-uniformly-random-float/blazingio/pipe": 0.1796875, "input-uniformly-random-float/cstdio/file": 5.697916666666667, "input-uniformly-random-float/cstdio/pipe": 5.661458333333333, "input-uniformly-random-float/iostream_detached/file": 14.411458333333334, "input-uniformly-random-float/iostream_detached/pipe": 14.794270833333334, "input-yes-no/blazingio/file": 0.16666666666666666, "input-yes-no/blazingio/pipe": 0.16666666666666666, "input-yes-no/cstdio/file": 2.7239583333333335, "input-yes-no/cstdio/pipe": 2.7135416666666665, "input-yes-no/iostream_detached/file": 0.3255208333333333, "input-yes-no/iostream_detached/pipe": 0.3177083333333333, "output-bitset-100/blazingio/file": 0.028645833333333332, "output-bitset-100/blazingio/pipe": 0.03125, "output-bitset-100/iostream_detached/file": 0.23958333333333334, "output-bitset-100/iostream_detached/pipe": 0.22135416666666666, "output-bitset-1000/blazingio/file": 0.03125, "output-bitset-1000/blazingio/pipe": 0.026041666666666668, "output-bitset-1000/iostream_detached/file": 0.203125, "output-bitset-1000/iostream_detached/pipe": 0.19791666666666666, "output-bitset-10000/blazingio/file": 0.0234375, "output-bitset-10000/blazingio/pipe": 0.028645833333333332, "output-bitset-10000/iostream_detached/file": 0.1953125, "output-bitset-10000/iostream_detached/pipe": 0.23177083333333334, "output-char/blazingio/file": 0.0026041666666666665,